accuracy,precision,recall,f1
0.8323170731707317,0.9707317073170731,0.8024193548387096,0.8785871964679911
